day,timestamp,P,Q,ET,L,S
365,30-Nov-2017,0,0,0,0,36.635312
366,01-Dec-2017,0.59799545186568,0.572395451865569,0.0316799999999944,0.0288000000000181,36.583664
367,02-Dec-2017,0.59799545186568,0.572395451865569,0.0622400000000027,0.0575999999999937,36.530608
368,03-Dec-2017,0.59799545186568,0.572395451865569,0.103999999999999,0.0865599999999915,36.462544
369,04-Dec-2017,1.89505600943309,1.4758560094331,0.125599999999991,0.212000000000003,36.682208
370,05-Dec-2017,4.28914343468369,3.34354343468368,0.161120000000011,0.556960000000004,36.843056
371,06-Dec-2017,4.39021308852019,3.36781308852013,0.321600000000004,0.587360000000004,36.78408
372,07-Dec-2017,5.48723995620308,4.14483995620314,0.604320000000001,0.675200000000004,36.742528
373,08-Dec-2017,8.8793902130884,6.87459021308847,0.742080000000016,1.07584,36.805408
374,09-Dec-2017,10.8755158763581,8.83871587635817,0.817439999999991,1.10512,36.713136
375,10-Dec-2017,16.3627558325612,10.3755558325612,0.894720000000007,1.13264000000001,36.648752
376,11-Dec-2017,19.5548723995619,14.001272399562,0.922720000000012,1.54352,36.855824
377,12-Dec-2017,21.7510317527163,18.0150317527163,0.976640000000003,1.85664,36.994544
378,13-Dec-2017,24.3451528678514,18.8971528678515,1.04032000000001,1.88592000000001,36.93656
379,14-Dec-2017,30.0324265139391,24.2052265139391,1.07183999999999,2.67631999999999,37.076464
380,15-Dec-2017,30.8304556556893,24.7584556556894,1.08,2.79455999999998,37.18128
381,16-Dec-2017,31.3294870715069,25.2494870715068,1.09151999999999,2.88511999999996,37.265328
382,17-Dec-2017,32.4265139391897,25.8329139391897,1.14048000000001,2.91455999999998,37.20784
383,18-Dec-2017,32.4265139391897,25.8329139391897,1.17136000000001,2.94239999999999,37.158896
384,19-Dec-2017,32.7276172829108,26.0156172829108,1.18256000000001,2.97216000000002,37.125936
385,20-Dec-2017,33.0266150088436,26.9706150088436,1.19743999999999,3.01136000000001,37.211408
386,21-Dec-2017,34.8227069822285,29.6019069822286,1.21328,3.27199999999996,37.33472
387,22-Dec-2017,34.8227069822285,29.6019069822286,1.24000000000001,3.30159999999995,37.29752
388,23-Dec-2017,34.8227069822285,29.6019069822286,1.27248,3.33135999999998,37.26128
389,24-Dec-2017,34.8227069822285,29.6019069822286,1.33759999999999,3.36127999999997,37.206176
390,25-Dec-2017,34.8227069822285,29.6019069822286,1.49408,3.38944000000002,37.031664
391,26-Dec-2017,35.2206687442095,29.8302687442095,1.63615999999999,3.42448,36.999104
392,27-Dec-2017,35.2206687442095,29.8302687442095,1.72064,3.45424,36.901856
393,28-Dec-2017,35.2206687442095,29.8302687442095,1.76736,3.48416,36.831888
394,29-Dec-2017,35.2206687442095,29.8302687442095,1.83951999999999,3.51407999999999,36.739328
395,30-Dec-2017,38.4148909289987,32.2964909289986,1.91423999999999,3.79631999999998,37.030544
396,31-Dec-2017,39.7119514865662,33.2191514865662,1.94240000000001,3.96703999999997,37.198784
397,01-Jan-2018,39.7119514865662,33.2191514865662,2.09088,3.99552000000001,37.073776
398,02-Jan-2018,44.6011959909038,37.2219959909037,2.14864,4.61343999999998,37.214368
399,03-Jan-2018,60.0669586456666,50.3149586456666,2.268,6.78527999999996,37.323024
400,04-Jan-2018,61.3640192032342,51.2760192032343,2.39503999999999,6.99199999999996,37.339904
401,05-Jan-2018,62.3620820348689,51.990882034869,2.49455999999999,7.11007999999995,37.389376
402,06-Jan-2018,62.3620820348689,51.990882034869,2.5368,7.14031999999996,37.32648
403,07-Jan-2018,62.3620820348689,51.990882034869,2.64479999999999,7.17055999999998,37.196192
404,08-Jan-2018,62.3620820348689,51.990882034869,2.76895999999999,7.20095999999997,37.05488
405,09-Jan-2018,62.3620820348689,51.990882034869,2.92896,7.23135999999997,36.9028
406,10-Jan-2018,62.3620820348689,51.990882034869,2.94575999999999,7.26175999999997,36.863776
407,11-Jan-2018,66.5522614335046,55.3282614335046,2.95536000000001,7.67807999999998,37.181088
408,12-Jan-2018,66.5522614335046,55.3282614335046,2.99728,7.70863999999997,37.119536
409,13-Jan-2018,66.5522614335046,55.3282614335046,3.15151999999999,7.73903999999996,36.985104
410,14-Jan-2018,66.5522614335046,55.3282614335046,3.22575999999999,7.76959999999995,36.892672
411,15-Jan-2018,66.5522614335046,55.3282614335046,3.31936,7.79999999999997,36.798128
412,16-Jan-2018,72.5385328055252,60.1577328055251,3.37392000000001,8.51055999999996,37.117152
413,17-Jan-2018,75.6316853364778,61.6796853364777,3.4032,8.54095999999996,37.069808
414,18-Jan-2018,81.7190263623347,67.5542263623348,3.44736,9.42079999999999,37.262928
415,19-Jan-2018,83.713046407816,69.5562464078161,3.47104,9.69759999999999,37.410048
416,20-Jan-2018,83.8141160616525,69.5853160616525,3.48128000000001,9.72831999999997,37.375392
417,21-Jan-2018,83.8141160616525,69.5869160616525,3.49311999999999,9.75903999999997,37.336256
418,22-Jan-2018,83.8141160616525,69.5869160616525,3.57343999999999,9.78975999999996,37.25944
419,23-Jan-2018,84.1131137875852,69.7099137875853,3.59392000000001,9.82047999999998,37.222128
420,24-Jan-2018,85.210140655268,70.8517406552681,3.66416,9.92575999999998,37.412576
421,25-Jan-2018,91.49751537101,76.0671153710098,3.70063999999999,10.7896,37.55472
422,26-Jan-2018,95.5887307335972,79.4271307335972,3.71567999999999,11.3728,37.665776
423,27-Jan-2018,95.5887307335972,79.4271307335972,3.81936,11.40384,37.549392
424,28-Jan-2018,96.3867598753474,79.9675598753474,3.99328000000001,11.49824,37.572512
425,29-Jan-2018,100.176871894214,83.0680718942137,4.13679999999999,11.99376,37.633696
426,30-Jan-2018,100.176871894214,83.0680718942137,4.31968000000001,12.0246399999999,37.430176
427,31-Jan-2018,105.965215194138,87.8500151941379,4.44159999999999,12.77152,37.522144
428,01-Feb-2018,106.064179230186,87.8737792301861,4.60640000000001,12.80384,37.416496
429,02-Feb-2018,106.165248884023,87.8980488840225,4.75104,12.83616,37.327248
430,03-Feb-2018,108.060304893456,89.7371048934558,4.81728,12.8673599999999,37.247184
431,04-Feb-2018,108.060304893456,89.7371048934558,4.92928000000001,12.89856,37.128672
432,05-Feb-2018,108.060304893456,89.7371048934558,5.02415999999999,12.9296,37.0164
433,06-Feb-2018,108.060304893456,89.7371048934558,5.12256000000001,12.9608,36.905536
434,07-Feb-2018,108.060304893456,89.7371048934558,5.18912,12.992,36.81696
435,08-Feb-2018,108.060304893456,89.7371048934558,5.22815999999999,13.0232,36.748064
436,09-Feb-2018,108.060304893456,89.7371048934558,5.26832,13.05424,36.681888
437,10-Feb-2018,108.060304893456,89.7371048934558,5.324,13.08544,36.612448
438,11-Feb-2018,109.258401414975,90.7304014149752,5.37872000000002,13.11648,36.559968
439,12-Feb-2018,109.258401414975,90.7304014149752,5.39584000000001,13.14768,36.516608
440,13-Feb-2018,109.258401414975,90.7304014149752,5.43087999999999,13.17712,36.459408
441,14-Feb-2018,109.258401414975,90.7304014149752,5.45616,13.208,36.406128
442,15-Feb-2018,109.258401414975,90.7304014149752,5.53392000000001,13.2392,36.334704
443,16-Feb-2018,109.258401414975,90.7304014149752,5.58352000000001,13.27008,36.262608
444,17-Feb-2018,109.258401414975,90.7304014149752,5.61104,13.30112,36.207696
445,18-Feb-2018,109.258401414975,90.7304014149752,5.64928,13.332,36.142624
446,19-Feb-2018,109.258401414975,90.7304014149752,5.70847999999999,13.36304,36.058816
447,20-Feb-2018,109.258401414975,90.7304014149752,5.75312000000001,13.39216,35.9848
448,21-Feb-2018,109.258401414975,90.7304014149752,5.7864,13.42304,35.922224
449,22-Feb-2018,109.258401414975,90.7304014149752,5.83040000000001,13.4536,35.8532
450,23-Feb-2018,109.258401414975,90.7304014149752,5.85759999999999,13.48416,35.798544
451,24-Feb-2018,109.258401414975,90.7304014149752,5.88079999999999,13.51472,35.746672
452,25-Feb-2018,109.258401414975,90.7304014149752,5.9016,13.54512,35.696704
453,26-Feb-2018,109.258401414975,90.7304014149752,5.91792,13.57552,35.650304
454,27-Feb-2018,109.258401414975,90.7304014149752,5.93472000000001,13.60576,35.604096
455,28-Feb-2018,109.258401414975,90.7304014149752,5.94959999999999,13.63616,35.559632
456,01-Mar-2018,109.258401414975,90.7304014149752,5.96288,13.66608,35.516832
457,02-Mar-2018,109.258401414975,90.7304014149752,5.97536000000001,13.69632,35.474704
458,03-Mar-2018,109.258401414975,90.7304014149752,5.9872,13.72608,35.4332
459,04-Mar-2018,109.258401414975,90.7304014149752,6.00048,13.75616,35.390272
460,05-Mar-2018,109.357365451023,90.7541654510233,6.06015999999998,13.78592,35.369312
461,06-Mar-2018,112.949549397793,92.8647493977932,6.13791999999999,13.81584,35.314416
462,07-Mar-2018,116.141665964794,95.2584659647941,6.18064000000001,13.8456,35.273344
463,08-Mar-2018,119.434852185631,98.6396521856311,6.28,13.92544,36.166288
464,09-Mar-2018,123.227069822286,102.148669822286,6.40784000000001,14.20768,36.633632
465,10-Mar-2018,125.221089867767,104.113889867767,6.51248000000001,14.3944,36.84224
466,11-Mar-2018,125.221089867767,104.113889867767,6.7192,14.42432,36.678176
467,12-Mar-2018,132.506527415144,110.136927415144,6.8304,15.23312,36.920656
468,13-Mar-2018,134.500547460625,111.652547460625,7.08287999999999,15.4776,36.949808
469,14-Mar-2018,134.70058115051,111.71498115051,7.28576,15.5097599999999,36.857408
470,15-Mar-2018,134.70058115051,111.71498115051,7.51952,15.53984,36.634992
471,16-Mar-2018,135.100648530279,112.070248530279,7.67792,15.56976,36.48168
472,17-Mar-2018,135.100648530279,112.070248530279,7.83423999999999,15.59968,36.32168
473,18-Mar-2018,135.100648530279,112.070248530279,7.95152,15.6296,36.181152
474,19-Mar-2018,135.100648530279,112.070248530279,8.09552000000001,15.65968,36.011376
475,20-Mar-2018,136.197675397962,113.047275397962,8.15615999999999,15.688,35.94208
476,21-Mar-2018,136.197675397962,113.048875397962,8.31856000000001,15.71792,35.805888
477,22-Mar-2018,139.490861618799,115.370861618799,8.44976,15.83392,36.461712
478,23-Mar-2018,140.189926724501,115.762726724501,8.55503999999999,15.89536,36.601056
479,24-Mar-2018,140.189926724501,115.762726724501,8.74048000000001,15.92528,36.441696
480,25-Mar-2018,140.189926724501,115.762726724501,8.98848,15.9536,36.204016
481,26-Mar-2018,140.189926724501,115.762726724501,9.13296,15.98352,36.03872
482,27-Mar-2018,140.189926724501,115.762726724501,9.28608000000001,16.01344,35.860688
483,28-Mar-2018,145.47713299082,118.84033299082,9.35328,16.04336,35.8048
484,29-Mar-2018,148.271287795839,122.660087795839,9.52064,16.14656,36.428336
485,30-Mar-2018,148.271287795839,122.855287795839,9.72815999999999,16.17504,36.232912
486,31-Mar-2018,150.766444874926,124.676844874926,9.83775999999999,16.31392,36.559968
487,01-Apr-2018,152.461467194475,126.338267194475,9.9472,16.344,36.468944
488,02-Apr-2018,152.461467194475,126.338267194475,10.27184,16.37232,36.204112
489,03-Apr-2018,154.25755916786,127.57755916786,10.74944,16.42368,36.246192
490,04-Apr-2018,156.352648867178,129.080648867178,11.38816,16.48432,36.141696
491,05-Apr-2018,156.552682557062,129.130282557062,11.79072,16.51424,35.846576
492,06-Apr-2018,156.552682557062,129.130282557062,12.13072,16.54272,35.48336
493,07-Apr-2018,156.552682557062,129.130282557062,12.51472,16.5696,35.075296
494,08-Apr-2018,156.552682557062,129.130282557062,12.8536,16.59632,34.711488
495,09-Apr-2018,156.552682557062,129.130282557062,13.10928,16.62304,34.429776
496,10-Apr-2018,156.552682557062,129.130282557062,13.40672,16.6496,34.106848
497,11-Apr-2018,156.65164659311,129.15404659311,13.69648,16.67776,33.8596
498,12-Apr-2018,156.65164659311,129.15404659311,13.94176,16.70432,33.590272
499,13-Apr-2018,171.620483449844,141.103683449844,14.55168,17.14768,35.554848
500,14-Apr-2018,184.690053061568,151.826053061568,15.02336,18.4224,36.117632
501,15-Apr-2018,184.690053061568,151.826053061568,15.41648,18.50064,35.667984
502,16-Apr-2018,187.585277520424,153.836477520424,15.76432,18.60448,36.037584
503,17-Apr-2018,187.585277520424,153.836477520424,16.2784,18.63104,35.557792
504,18-Apr-2018,187.585277520424,153.836477520424,16.68624,18.65744,35.132
505,19-Apr-2018,187.585277520424,153.836477520424,17.04624,18.68576,34.74992
506,20-Apr-2018,187.585277520424,153.836477520424,17.424,18.7104,34.348816
507,21-Apr-2018,187.585277520424,153.836477520424,17.7728,18.73664,33.976208
508,22-Apr-2018,187.585277520424,153.836477520424,18.0744,18.76288,33.649984
509,23-Apr-2018,187.684241556473,153.860241556473,18.32416,18.78928,33.443568
510,24-Apr-2018,187.783205592521,153.884005592521,18.49328,18.8168,33.319904
511,25-Apr-2018,189.181335803925,154.611735803925,18.8424,18.84944,33.612112
512,26-Apr-2018,191.575423229175,156.185023229175,19.24,18.90784,33.951488
513,27-Apr-2018,191.575423229175,156.185023229175,19.55952,18.93408,33.622
514,28-Apr-2018,191.575423229175,156.185023229175,19.91152,18.96,33.250912
515,29-Apr-2018,191.575423229175,156.185023229175,20.24288,18.98416,32.898
516,30-Apr-2018,191.575423229175,156.185023229175,20.50768,19.01024,32.610096
517,01-May-2018,191.575423229175,156.185023229175,20.75344,19.03584,32.340736
518,02-May-2018,191.575423229175,156.185023229175,20.88336,19.06144,32.1852
519,03-May-2018,191.575423229175,156.185023229175,21.08432,19.0872,31.960384
520,04-May-2018,191.575423229175,156.185023229175,21.26048,19.11104,31.760368
521,05-May-2018,191.575423229175,156.185023229175,21.412,19.13504,31.584992
522,06-May-2018,191.575423229175,156.185023229175,21.5464,19.16032,31.427168
523,07-May-2018,191.575423229175,156.185023229175,21.67008,19.184,31.280128
524,08-May-2018,191.575423229175,156.185023229175,21.78512,19.20768,31.141584
525,09-May-2018,191.77545691906,156.23305691906,21.91248,19.2312,31.12848
526,10-May-2018,197.561694601196,160.267294601196,22.72832,19.31328,31.998736
527,11-May-2018,197.561694601196,160.267294601196,22.84272,19.34144,31.85696
528,12-May-2018,197.561694601196,160.267294601196,23.08432,19.36496,31.590528
529,13-May-2018,197.561694601196,160.267294601196,23.36704,19.38816,31.28448
530,14-May-2018,197.561694601196,160.267294601196,23.5992,19.41152,31.028992
531,15-May-2018,204.847132148572,165.575132148573,24.38784,19.5224,32.107664
532,16-May-2018,204.847132148572,165.575132148573,24.7688,19.5472,31.702448
533,17-May-2018,204.847132148572,165.575132148573,25.12256,19.5704,31.324704
534,18-May-2018,204.847132148572,165.575132148573,25.27136,19.59664,31.149664
535,19-May-2018,204.847132148572,165.575132148573,25.57264,19.61968,30.825248
536,20-May-2018,204.847132148572,165.575132148573,25.82752,19.64256,30.54736
537,21-May-2018,204.847132148572,165.575132148573,26.02896,19.6672,30.322928
538,22-May-2018,204.847132148572,165.575132148573,26.1928,19.69008,30.135776
539,23-May-2018,204.847132148572,165.575132148573,26.34496,19.71264,29.960432
540,24-May-2018,204.847132148572,165.575132148573,26.46016,19.73696,29.821888
541,25-May-2018,204.847132148572,165.575132148573,26.55392,19.75952,29.704496
542,26-May-2018,204.847132148572,165.575132148573,26.63776,19.78368,29.59704
543,27-May-2018,204.847132148572,165.575132148573,26.70656,19.80784,29.503968
544,28-May-2018,204.847132148572,165.575132148573,26.77136,19.83168,29.41496
545,29-May-2018,204.847132148572,165.575132148573,26.8296,19.85712,29.332368
546,30-May-2018,204.847132148572,165.575132148573,26.88352,19.88112,29.254032
547,31-May-2018,204.847132148572,165.575132148573,26.92816,19.9048,29.184672
548,01-Jun-2018,206.742188158006,166.447788158006,27.35616,19.93152,29.744736
549,02-Jun-2018,206.742188158006,166.447788158006,27.58624,19.9552,29.493744
550,03-Jun-2018,206.742188158006,166.447788158006,27.7232,19.97872,29.334032
551,04-Jun-2018,206.742188158006,166.447788158006,27.8304,20.00224,29.203808
552,05-Jun-2018,206.742188158006,166.447788158006,27.88576,20.02736,29.12416
553,06-Jun-2018,206.742188158006,166.447788158006,27.95952,20.05232,29.026768
554,07-Jun-2018,206.742188158006,166.447788158006,28.03216,20.07552,28.930752
555,08-Jun-2018,206.742188158006,166.447788158006,28.09344,20.09872,28.845792
556,09-Jun-2018,206.742188158006,166.447788158006,28.15168,20.12352,28.763792
557,10-Jun-2018,207.441253263708,166.618853263708,28.38304,20.14832,29.017136
558,11-Jun-2018,207.441253263708,166.618853263708,28.52128,20.1712,28.862016
559,12-Jun-2018,207.441253263708,166.618853263708,28.61888,20.19424,28.744144
560,13-Jun-2018,207.441253263708,166.618853263708,28.66208,20.22032,28.678176
561,14-Jun-2018,207.441253263708,166.618853263708,28.72736,20.2432,28.590832
562,15-Jun-2018,207.441253263708,166.618853263708,28.764,20.26752,28.530784
563,16-Jun-2018,207.441253263708,166.618853263708,28.80624,20.29168,28.465184
564,17-Jun-2018,207.441253263708,166.618853263708,28.86112,20.316,28.387504
565,18-Jun-2018,207.441253263708,166.618853263708,28.90208,20.34016,28.3231024
566,19-Jun-2018,207.441253263708,166.618853263708,28.94064,20.36432,28.2611392
567,20-Jun-2018,207.441253263708,166.618853263708,28.97712,20.38672,28.2010384
568,21-Jun-2018,209.635306999074,167.760106999073,29.30672,20.41664,28.893088
569,22-Jun-2018,214.625621157247,171.342421157248,29.97216,20.49888,29.5584
570,23-Jun-2018,217.916701760296,173.628701760296,30.58736,20.56368,29.881728
571,24-Jun-2018,220.112861113451,175.095261113451,31.04656,20.61632,30.06416
572,25-Jun-2018,220.112861113451,175.095261113451,31.38448,20.63888,29.719664
573,26-Jun-2018,220.112861113451,175.095261113451,31.6896,20.66112,29.398112
574,27-Jun-2018,220.112861113451,175.095261113451,32.004,20.68368,29.065536
575,28-Jun-2018,220.112861113451,175.095261113451,32.25776,20.70448,28.792272
576,29-Jun-2018,220.112861113451,175.095261113451,32.51488,20.72672,28.515376
577,30-Jun-2018,220.112861113451,175.095261113451,32.69168,20.74896,28.31784
578,01-Jul-2018,220.112861113451,175.095261113451,32.82368,20.7712,28.16424
579,02-Jul-2018,220.112861113451,175.095261113451,32.92848,20.79328,28.037904
580,03-Jul-2018,220.112861113451,175.095261113451,33.02464,20.81536,27.920496
581,04-Jul-2018,220.112861113451,175.095261113451,33.10768,20.83744,27.8156
582,05-Jul-2018,220.112861113451,175.095261113451,33.1792,20.85936,27.721728
583,06-Jul-2018,220.112861113451,175.095261113451,33.21824,20.88272,27.659504
584,07-Jul-2018,220.112861113451,175.095261113451,33.2736,20.90608,27.58184
585,08-Jul-2018,220.112861113451,175.095261113451,33.31824,20.92944,27.51464
586,09-Jul-2018,220.112861113451,175.095261113451,33.36128,20.9512,27.448992
587,10-Jul-2018,220.811926219153,175.263126219153,33.51888,20.9744,27.779584
588,11-Jul-2018,235.877621494146,187.264821494146,34.23984,21.14304,29.975184
589,12-Jul-2018,273.993514697212,219.372714697212,34.94976,22.63488,33.771248
590,13-Jul-2018,274.09247873326,219.39647873326,35.4528,22.83344,33.141184
591,14-Jul-2018,274.09247873326,219.39647873326,36.00832,22.94192,32.48032
592,15-Jul-2018,274.09247873326,219.39647873326,36.52944,22.97984,31.925168
593,16-Jul-2018,274.09247873326,219.39647873326,36.97424,22.99984,31.461328
594,17-Jul-2018,274.09247873326,219.39647873326,37.37536,23.01968,31.041312
595,18-Jul-2018,274.09247873326,219.39647873326,37.71024,23.03968,30.687664
596,19-Jul-2018,274.09247873326,219.39647873326,37.90784,23.06096,30.469328
597,20-Jul-2018,274.09247873326,219.39647873326,38.14736,23.08224,30.21016
598,21-Jul-2018,274.09247873326,219.39647873326,38.38352,23.10176,29.95456
599,22-Jul-2018,274.09247873326,219.39647873326,38.53424,23.12304,29.783424
600,23-Jul-2018,274.09247873326,219.39647873326,38.684,23.14256,29.61456
601,24-Jul-2018,274.09247873326,219.39647873326,38.80336,23.16192,29.476
602,25-Jul-2018,274.09247873326,219.39647873326,38.9168,23.18128,29.34336
603,26-Jul-2018,274.09247873326,219.39647873326,39.03072,23.20064,29.210304
604,27-Jul-2018,274.09247873326,219.39647873326,39.12928,23.22,29.092272
605,28-Jul-2018,289.459277351975,231.347277351975,40.32208,23.38368,31.152448
606,29-Jul-2018,290.356270529773,231.759470529773,40.83056,23.44128,31.053872
607,30-Jul-2018,290.356270529773,231.759470529773,41.27232,23.46032,30.598096
608,31-Jul-2018,290.356270529773,231.759470529773,41.58368,23.48112,30.269824
609,01-Aug-2018,290.356270529773,231.759470529773,41.84464,23.50176,29.990368
610,02-Aug-2018,290.356270529773,231.759470529773,42.03664,23.5224,29.778448
611,03-Aug-2018,290.356270529773,231.759470529773,42.29488,23.54144,29.501936
612,04-Aug-2018,290.356270529773,231.759470529773,42.4752,23.56192,29.302464
613,05-Aug-2018,290.356270529773,231.759470529773,42.67664,23.58064,29.081936
614,06-Aug-2018,290.356270529773,231.759470529773,42.87888,23.60096,28.860976
615,07-Aug-2018,290.356270529773,231.759470529773,42.99376,23.61968,28.726848
616,08-Aug-2018,290.356270529773,231.759470529773,43.12016,23.63984,28.580992
617,09-Aug-2018,291.156405289312,231.964405289312,43.45392,23.66016,28.805232
618,10-Aug-2018,291.156405289312,231.964405289312,43.60592,23.68032,28.63904
619,11-Aug-2018,291.156405289312,231.964405289312,43.7128,23.70032,28.514896
620,12-Aug-2018,291.156405289312,231.964405289312,43.82528,23.72032,28.384768
621,13-Aug-2018,291.156405289312,231.964405289312,43.90912,23.74032,28.282048
622,14-Aug-2018,291.554367051293,232.059967051293,44.0456,23.76016,28.411296
623,15-Aug-2018,291.554367051293,232.059967051293,44.13792,23.7816,28.305712
624,16-Aug-2018,291.554367051293,232.059967051293,44.23824,23.80144,28.189392
625,17-Aug-2018,291.554367051293,232.059967051293,44.32912,23.82128,28.080736
626,18-Aug-2018,291.554367051293,232.059967051293,44.40368,23.8424,27.987584
627,19-Aug-2018,291.554367051293,232.059967051293,44.48064,23.86208,27.8916
628,20-Aug-2018,291.554367051293,232.059967051293,44.52016,23.88304,27.831584
629,21-Aug-2018,291.554367051293,232.059967051293,44.58224,23.90432,27.749872
630,22-Aug-2018,291.554367051293,232.059967051293,44.64272,23.92368,27.669856
631,23-Aug-2018,291.655436705129,232.084236705129,44.70672,23.94464,27.654
632,24-Aug-2018,291.655436705129,232.084236705129,44.75408,23.9656,27.588288
633,25-Aug-2018,291.853364777226,232.131764777226,44.8112,23.98656,27.652096
634,26-Aug-2018,291.853364777226,232.131764777226,44.8744,24.0072,27.573712
635,27-Aug-2018,291.853364777226,232.131764777226,44.9136,24.028,27.516528
636,28-Aug-2018,291.853364777226,232.131764777226,44.95264,24.0488,27.458496
637,29-Aug-2018,291.853364777226,232.131764777226,44.99888,24.06928,27.39344
638,30-Aug-2018,295.146550998063,234.176950998063,45.22832,24.10816,28.317632
639,31-Aug-2018,295.146550998063,234.176950998063,45.42272,24.12832,28.139808
640,01-Sep-2018,295.146550998063,234.176950998063,45.5936,24.14688,27.958464
641,02-Sep-2018,295.744546449928,234.390946449928,45.73792,24.17232,28.150576
642,03-Sep-2018,295.744546449928,234.390946449928,45.91888,24.192,27.970096
643,04-Sep-2018,295.744546449928,234.390946449928,46.08096,24.20976,27.795392
644,05-Sep-2018,295.744546449928,234.390946449928,46.21632,24.22928,27.64456
645,06-Sep-2018,295.744546449928,234.390946449928,46.33232,24.24688,27.51192
646,07-Sep-2018,296.44361155563,234.64521155563,46.53024,24.26928,27.72544
647,08-Sep-2018,296.44361155563,234.64521155563,46.652,24.288,27.591632
648,09-Sep-2018,296.44361155563,234.64521155563,46.75584,24.30656,27.472752
649,10-Sep-2018,296.44361155563,234.64521155563,46.83424,24.32496,27.377984
650,11-Sep-2018,296.44361155563,234.64521155563,46.9136,24.34288,27.282048
651,12-Sep-2018,296.44361155563,234.64521155563,46.976,24.36064,27.203008
652,13-Sep-2018,296.942642971448,234.776242971448,47.07408,24.37824,27.432784
653,14-Sep-2018,296.942642971448,234.776242971448,47.14784,24.39712,27.35088
654,15-Sep-2018,297.740672113198,235.140672113198,47.34032,24.41984,27.568432
655,16-Sep-2018,297.839636149246,235.164436149246,47.45632,24.43696,27.510224
656,17-Sep-2018,297.839636149246,235.164436149246,47.56736,24.4536,27.387712
657,18-Sep-2018,297.839636149246,235.164436149246,47.67456,24.47008,27.267168
658,19-Sep-2018,297.839636149246,235.164436149246,47.76768,24.4864,27.159776
659,20-Sep-2018,297.839636149246,235.164436149246,47.84736,24.5024,27.065456
660,21-Sep-2018,299.23776636065,235.92896636065,48.0856,24.5304,27.427232
661,22-Sep-2018,299.936831466352,236.252031466352,48.29344,24.55456,27.557856
662,23-Sep-2018,314.503495325528,248.090695325529,48.58448,24.72784,29.73848
663,24-Sep-2018,314.802493051461,248.183293051461,48.99792,24.78816,29.54568
664,25-Sep-2018,314.802493051461,248.183293051461,49.22512,24.8096,29.31232
665,26-Sep-2018,314.802493051461,248.183293051461,49.47104,24.828,29.052464
666,27-Sep-2018,314.802493051461,248.183293051461,49.6944,24.84816,28.813056
667,28-Sep-2018,314.802493051461,248.183293051461,49.86832,24.868,28.6212
668,29-Sep-2018,314.802493051461,248.183293051461,50.01376,24.888,28.457104
669,30-Sep-2018,314.802493051461,248.183293051461,50.1608,24.908,28.291216
670,01-Oct-2018,316.598585024846,249.292985024846,50.31392,24.9472,28.695088
671,02-Oct-2018,318.693674724164,250.687274724164,50.54256,24.99392,29.128608
672,03-Oct-2018,318.893708414049,250.735308414049,50.78032,25.0176,29.068352
673,04-Oct-2018,318.893708414049,250.735308414049,50.89808,25.0376,28.946832
674,05-Oct-2018,318.893708414049,250.735308414049,51.06688,25.0576,28.765424
675,06-Oct-2018,318.893708414049,250.735308414049,51.22352,25.0776,28.592656
676,07-Oct-2018,318.893708414049,250.735308414049,51.29792,25.0992,28.499408
677,08-Oct-2018,318.893708414049,250.735308414049,51.39104,25.1192,28.3872
678,09-Oct-2018,318.893708414049,250.735308414049,51.45824,25.13968,28.301568
679,10-Oct-2018,318.893708414049,250.735308414049,51.56688,25.15744,28.175936
680,11-Oct-2018,318.893708414049,250.735308414049,51.6952,25.17392,28.032368
681,12-Oct-2018,318.893708414049,250.735308414049,51.8112,25.1896,27.901168
682,13-Oct-2018,318.893708414049,250.735308414049,51.92752,25.20368,27.769984
683,14-Oct-2018,318.893708414049,250.735308414049,52.04416,25.21888,27.638656
684,15-Oct-2018,318.893708414049,250.735308414049,52.14672,25.23408,27.521632
685,16-Oct-2018,318.893708414049,250.735308414049,52.22064,25.2488,27.432528
686,17-Oct-2018,318.893708414049,250.735308414049,52.27968,25.26512,27.358288
687,18-Oct-2018,318.893708414049,250.735308414049,52.33472,25.27968,27.288176
688,19-Oct-2018,318.893708414049,250.735308414049,52.38224,25.29568,27.225584
689,20-Oct-2018,318.893708414049,250.735308414049,52.42752,25.31152,27.165216
690,21-Oct-2018,318.893708414049,250.735308414049,52.4648,25.32544,27.113264
691,22-Oct-2018,320.291838625453,251.488638625453,52.49664,25.35168,27.582432
692,23-Oct-2018,329.769224290407,258.969224290407,52.63712,25.492,29.307664
693,24-Oct-2018,330.967320811926,259.722520811926,52.98464,25.53328,29.44024
694,25-Oct-2018,332.064347679609,260.414747679609,53.15344,25.56688,29.611216
695,26-Oct-2018,332.064347679609,260.414747679609,53.24912,25.58832,29.499808
696,27-Oct-2018,332.165417333446,260.439017333446,53.3896,25.61056,29.417424
697,28-Oct-2018,332.36545102333,260.49345102333,53.53408,25.63424,29.399472
698,29-Oct-2018,332.36545102333,260.49345102333,53.61024,25.65568,29.313552
699,30-Oct-2018,332.664448749263,260.605248749263,53.79552,25.67904,29.304064
700,31-Oct-2018,332.664448749263,260.605248749263,53.93152,25.69888,29.153648
701,01-Nov-2018,332.664448749263,260.605248749263,53.97776,25.72032,29.092576
702,02-Nov-2018,332.664448749263,260.605248749263,54.0232,25.74208,29.02936
703,03-Nov-2018,332.664448749263,260.605248749263,54.06208,25.76352,28.97168
704,04-Nov-2018,332.664448749263,260.605248749263,54.08624,25.78512,28.92752
705,05-Nov-2018,332.664448749263,260.605248749263,54.112,25.80672,28.88168
706,06-Nov-2018,332.664448749263,260.605248749263,54.14944,25.82672,28.824032
707,07-Nov-2018,332.664448749263,260.605248749263,54.17168,25.84816,28.781248
708,08-Nov-2018,332.664448749263,260.605248749263,54.1968,25.86976,28.7352
709,09-Nov-2018,332.763412785311,260.629012785311,54.21616,25.89168,28.76272
710,10-Nov-2018,332.763412785311,260.629012785311,54.23552,25.91312,28.724304
711,11-Nov-2018,334.359471068812,261.669871068812,54.25664,25.95536,29.098736
712,12-Nov-2018,334.460540722648,261.694140722648,54.29424,25.97824,29.121392
713,13-Nov-2018,344.038996041439,269.470996041439,54.31376,26.21952,30.627152
714,14-Nov-2018,344.038996041439,269.470996041439,54.35904,26.24624,30.565872
715,15-Nov-2018,344.038996041439,269.470996041439,54.39952,26.26784,30.5176
716,16-Nov-2018,344.038996041439,269.470996041439,54.4752,26.2896,30.43944
717,17-Nov-2018,344.038996041439,269.470996041439,54.5328,26.31136,30.372256
718,18-Nov-2018,344.038996041439,269.470996041439,54.57824,26.33328,30.315952
719,19-Nov-2018,344.73806114714,269.870861147141,54.61424,26.36448,30.496192
720,20-Nov-2018,344.73806114714,269.870861147141,54.70912,26.38624,30.422016
721,21-Nov-2018,344.73806114714,269.870861147141,54.78016,26.40832,30.354064
722,22-Nov-2018,344.73806114714,269.870861147141,54.82704,26.43008,30.298016
723,23-Nov-2018,344.73806114714,269.870861147141,54.83824,26.452,30.265424
724,24-Nov-2018,344.73806114714,269.870861147141,54.85776,26.47392,30.230192
725,25-Nov-2018,344.73806114714,269.870861147141,54.87264,26.496,30.19808
726,26-Nov-2018,344.73806114714,269.870861147141,54.9024,26.51776,30.152672
727,27-Nov-2018,344.73806114714,269.870861147141,54.93216,26.53984,30.105568
728,28-Nov-2018,344.73806114714,269.870861147141,54.96912,26.56176,30.058736
729,29-Nov-2018,344.73806114714,269.870861147141,55.01184,26.58384,29.995744
730,30-Nov-2018,347.631179988209,270.711179988209,55.08288,26.60576,29.954736
731,01-Dec-2018,347.730144024257,270.816544024257,55.08992,26.628,29.996944
732,02-Dec-2018,349.926303377411,274.135903377411,55.13072,26.71152,30.55296
733,03-Dec-2018,351.421292007075,275.174892007075,55.13616,26.79808,30.905328
734,04-Dec-2018,351.621325696959,275.237325696959,55.21088,26.82832,30.962224
735,05-Dec-2018,351.621325696959,275.237325696959,55.25632,26.85024,30.906016
736,06-Dec-2018,352.221426766613,275.589426766613,55.3416,26.89152,31.040144
737,07-Dec-2018,360.102754148067,282.086754148067,55.37296,27.3648,31.88904
738,08-Dec-2018,361.799882085404,283.359882085404,55.52752,27.49408,32.048736
739,09-Dec-2018,365.290996378338,286.180596378337,55.6896,27.7512,32.318528
740,10-Dec-2018,365.392066032174,286.204866032174,55.93232,27.77488,32.16296
741,11-Dec-2018,369.681209466858,289.340409466858,55.99296,27.79744,32.104128
742,12-Dec-2018,369.681209466858,289.372409466858,56.04576,27.82,32.042592
743,13-Dec-2018,369.681209466858,289.410809466858,56.10992,27.84256,31.975056
744,14-Dec-2018,369.681209466858,289.422009466858,56.17376,27.86528,31.903744
745,15-Dec-2018,369.681209466858,289.430009466858,56.2104,27.88768,31.851616
746,16-Dec-2018,369.681209466858,289.430009466858,56.25136,27.9104,31.795664
747,17-Dec-2018,369.681209466858,289.436409466858,56.26816,27.93312,31.762304
748,18-Dec-2018,369.681209466858,289.438009466858,56.2848,27.95584,31.739488
749,19-Dec-2018,369.681209466858,289.439609466858,56.30128,27.97856,31.7112
750,20-Dec-2018,369.881243156742,289.546843156742,56.30848,28.0032,31.800336
751,21-Dec-2018,377.564642466099,296.6542424661,56.32096,28.56528,32.603024
752,22-Dec-2018,384.548976669755,302.441776669755,56.39424,29.22656,33.11552
753,23-Dec-2018,388.141160616525,305.344360616525,56.42224,29.59168,33.383888
754,24-Dec-2018,389.038153794323,306.226953794323,56.56368,29.61472,33.25
755,25-Dec-2018,389.838288553862,306.748688553862,56.68112,29.69312,33.35296
756,26-Dec-2018,390.436284005727,307.119484005727,56.71968,29.75328,33.469808
757,27-Dec-2018,390.436284005727,307.119484005727,56.75952,29.77648,33.416992
758,28-Dec-2018,391.434346837362,307.818346837362,56.81904,29.87472,33.539104
759,29-Dec-2018,395.325528510065,310.999128510065,56.88288,30.3024,33.743536
760,30-Dec-2018,397.719615935315,312.911615935315,57.03904,30.57664,33.822752
761,31-Dec-2018,398.018613661248,313.066613661248,57.1184,30.61008,33.851808
762,01-Jan-2019,400.313737050451,314.891337050451,57.37872,30.86176,33.84904
763,02-Jan-2019,400.414806704287,314.981206704287,57.56688,30.88544,33.646992
764,03-Jan-2019,400.414806704287,314.981206704287,57.6192,30.90912,33.58624
765,04-Jan-2019,401.012802156153,315.156802156153,57.62992,30.93264,33.558832
766,05-Jan-2019,402.30986271372,316.43946271372,57.65664,31.03936,33.796832
767,06-Jan-2019,402.30986271372,316.43946271372,57.72032,31.06304,33.720352
768,07-Jan-2019,407.298071254106,320.514071254106,57.74064,31.63152,34.008512
769,08-Jan-2019,418.973721890003,330.356121890002,57.7728,33.05712,34.392736
770,09-Jan-2019,421.367809315253,332.731009315253,57.86768,33.09776,34.287296
771,10-Jan-2019,421.466773351301,332.820373351301,57.98192,33.12176,34.178192
772,11-Jan-2019,422.963867598754,334.269467598753,58.0088,33.1456,34.144656
773,12-Jan-2019,425.958056093658,336.633256093658,58.07264,33.50656,34.371776
774,13-Jan-2019,430.746230944159,340.571830944159,58.1184,34.11168,34.566208
775,14-Jan-2019,430.847300597995,340.648900597995,58.37968,34.136,34.345872
776,15-Jan-2019,432.043291501727,341.504091501726,58.44976,34.2376,34.508656
777,16-Jan-2019,432.443358881496,341.728158881496,58.4968,34.28,34.590352
778,17-Jan-2019,435.635475448496,344.309075448497,58.6672,34.65872,34.637072
779,18-Jan-2019,435.736545102333,344.386145102333,58.80464,34.6832,34.501568
780,19-Jan-2019,435.736545102333,344.386145102333,58.84192,34.70784,34.4488
781,20-Jan-2019,435.736545102333,344.386145102333,58.87632,34.73248,34.393696
782,21-Jan-2019,435.736545102333,344.386145102333,58.90688,34.75712,34.340512
783,22-Jan-2019,435.736545102333,344.386145102333,58.93776,34.7816,34.29016
784,23-Jan-2019,435.736545102333,344.386145102333,58.98304,34.8064,34.230704
785,24-Jan-2019,435.736545102333,344.386145102333,59.02256,34.8312,34.177168
786,25-Jan-2019,435.736545102333,344.386145102333,59.05776,34.85584,34.127888
787,26-Jan-2019,441.423818748421,346.067018748421,59.07264,34.88064,34.100368
788,27-Jan-2019,442.421881580056,348.111481580056,59.10208,34.95696,34.365344
789,28-Jan-2019,445.413964457172,351.540364457172,59.14384,35.34352,34.61944
790,29-Jan-2019,445.912995872989,351.740195872989,59.1656,35.36848,34.580512
791,30-Jan-2019,445.912995872989,351.749795872989,59.2016,35.39344,34.536512
792,31-Jan-2019,445.912995872989,351.751395872989,59.21424,35.4184,34.505648
793,01-Feb-2019,445.912995872989,351.751395872989,59.23104,35.44336,34.47448
794,02-Feb-2019,448.30708329824,352.34548329824,59.24576,35.46848,34.447008
795,03-Feb-2019,448.30708329824,352.38708329824,59.252,35.49344,34.420352
796,04-Feb-2019,448.30708329824,352.46388329824,59.26816,35.51856,34.389776
797,05-Feb-2019,448.408152952076,352.660952952076,59.31296,35.54384,34.352912
798,06-Feb-2019,448.408152952076,352.728152952076,59.364,35.56896,34.304496
799,07-Feb-2019,448.608186641961,352.796986641961,59.40736,35.59248,34.256112
800,08-Feb-2019,448.608186641961,352.803386641961,59.44592,35.6176,34.207488
801,09-Feb-2019,449.505179819759,355.186779819759,59.55984,35.65456,34.396048
802,10-Feb-2019,457.986608270867,363.564208270867,59.58768,36.6456,34.795456
803,11-Feb-2019,460.281731660069,365.336131660069,59.81648,36.944,34.858448
804,12-Feb-2019,460.281731660069,365.336131660069,59.99824,36.96928,34.67256
805,13-Feb-2019,460.67969342205,365.54529342205,60.08048,36.99952,34.73648
806,14-Feb-2019,460.67969342205,365.54529342205,60.19392,37.02496,34.609968
807,15-Feb-2019,460.67969342205,365.54529342205,60.31248,37.0488,34.471408
808,16-Feb-2019,460.67969342205,365.54529342205,60.43776,37.07424,34.325664
809,17-Feb-2019,460.67969342205,365.54529342205,60.54256,37.09968,34.198864
810,18-Feb-2019,460.67969342205,365.54529342205,60.63776,37.12368,34.08128
811,19-Feb-2019,461.079760801819,365.722960801819,60.75248,37.15328,34.131472
812,20-Feb-2019,461.079760801819,365.722960801819,60.87648,37.17872,34.003792
813,21-Feb-2019,464.572980712541,368.320180712541,61.06656,37.32272,34.51856
814,22-Feb-2019,464.770908784637,368.377308784637,61.38096,37.34912,34.361856
815,23-Feb-2019,464.770908784637,368.377308784637,61.53824,37.37472,34.192192
816,24-Feb-2019,464.770908784637,368.377308784637,61.68656,37.40032,34.032
817,25-Feb-2019,464.770908784637,368.377308784637,61.81024,37.42432,33.8904
818,26-Feb-2019,464.770908784637,368.377308784637,61.87968,37.44992,33.797072
819,27-Feb-2019,464.770908784637,368.377308784637,61.99888,37.47552,33.65616
820,28-Feb-2019,464.770908784637,368.377308784637,62.10816,37.49952,33.52376
821,01-Mar-2019,464.770908784637,368.377308784637,62.15424,37.52512,33.45352
822,02-Mar-2019,464.770908784637,368.377308784637,62.20512,37.55072,33.377968
823,03-Mar-2019,466.169038996041,369.245838996041,62.3008,37.59136,33.701936
824,04-Mar-2019,468.862124147225,371.159724147225,62.54528,37.66416,34.191376
825,05-Mar-2019,469.660153288975,371.632953288975,62.74048,37.70688,34.256912
826,06-Mar-2019,469.660153288975,371.632953288975,62.97264,37.73088,34.04352
827,07-Mar-2019,471.058283500379,372.554283500379,63.22976,37.7752,34.190912
828,08-Mar-2019,473.153373199697,374.071773199697,63.57824,37.88608,34.317248
829,09-Mar-2019,480.038743367304,379.686743367304,63.95952,38.52336,34.584496
830,10-Mar-2019,493.209382632865,390.713382632864,64.17536,40.13648,34.818976
831,11-Mar-2019,496.801566579634,393.993566579635,64.32064,40.18896,34.6816
832,12-Mar-2019,496.801566579634,394.255966579634,64.5744,40.21328,34.478576
833,13-Mar-2019,498.397624863135,395.349624863135,64.9632,40.2604799999999,34.554592
834,14-Mar-2019,509.073107049608,404.207507049608,65.18896,41.4820800000001,34.853584
835,15-Mar-2019,510.671270950897,405.343270950897,65.54352,41.62544,34.871424
836,16-Mar-2019,516.059546871052,409.718746871052,65.83232,42.23584,34.94552
837,17-Mar-2019,516.95654004885,410.29254004885,66.11152,42.2873599999999,34.948512
838,18-Mar-2019,518.053566916533,411.029566916533,66.43856,42.35744,34.914496
839,19-Mar-2019,518.053566916533,411.029566916533,66.66736,42.38368,34.688176
840,20-Mar-2019,518.053566916533,411.029566916533,66.95056,42.40816,34.392816
841,21-Mar-2019,518.053566916533,411.029566916533,67.04336,42.43424,34.27856
842,22-Mar-2019,518.053566916533,411.029566916533,67.13136,42.45904,34.168512
843,23-Mar-2019,518.053566916533,411.029566916533,67.35696,42.48512,33.92048
844,24-Mar-2019,518.053566916533,411.029566916533,67.52176,42.5096,33.731168
845,25-Mar-2019,522.14478227912,414.003982279121,67.81136,42.60064,34.38336
846,26-Mar-2019,523.241809146804,414.678609146804,68.06096,42.66032,34.501072
847,27-Mar-2019,524.14090794239,415.21930794239,68.31056,42.70928,34.583296
848,28-Mar-2019,526.235997641708,416.733597641708,68.45296,42.86016,34.821088
849,29-Mar-2019,526.436031331593,416.791231331593,68.61296,42.88896,34.788592
850,30-Mar-2019,526.436031331593,416.791231331593,69.01616,42.9137600000001,34.438576
851,31-Mar-2019,526.436031331593,416.791231331593,69.26896,42.93856,34.167712
852,01-Apr-2019,526.436031331593,416.791231331593,69.56816,42.96336,33.8468
853,02-Apr-2019,526.436031331593,416.791231331593,69.86416,42.98816,33.529712
854,03-Apr-2019,526.436031331593,416.791231331593,70.11056,43.0112,33.261136
855,04-Apr-2019,526.436031331593,416.791231331593,70.38736,43.03584,32.961056
856,05-Apr-2019,526.436031331593,416.791231331593,70.51696,43.06064,32.808128
857,06-Apr-2019,526.436031331593,416.791231331593,70.77136,43.08352,32.531152
858,07-Apr-2019,526.436031331593,416.791231331593,71.02416,43.10656,32.255888
859,08-Apr-2019,526.436031331593,416.791231331593,71.25456,43.13088,32.001728
860,09-Apr-2019,526.436031331593,416.791231331593,71.45136,43.15376,31.781344
861,10-Apr-2019,526.436031331593,416.791231331593,71.61776,43.17808,31.59184
862,11-Apr-2019,526.436031331593,416.791231331593,71.71376,43.2024,31.471728
863,12-Apr-2019,526.436031331593,416.791231331593,71.76016,43.228,31.3988
864,13-Apr-2019,526.436031331593,416.791231331593,71.84816,43.25216,31.286528
865,14-Apr-2019,527.933125579045,417.600325579045,71.97936,43.28528,31.757984
866,15-Apr-2019,527.933125579045,417.600325579045,72.22256,43.30944,31.525664
867,16-Apr-2019,527.933125579045,417.600325579045,72.45776,43.33184,31.275616
868,17-Apr-2019,527.933125579045,417.600325579045,72.69456,43.35424,31.02032
869,18-Apr-2019,527.933125579045,417.600325579045,72.92016,43.37488,30.7752
870,19-Apr-2019,527.933125579045,417.600325579045,73.12176,43.39696,30.55376
871,20-Apr-2019,527.933125579045,417.600325579045,73.29616,43.4176,30.358752
872,21-Apr-2019,527.933125579045,417.600325579045,73.44976,43.43968,30.184912
873,22-Apr-2019,527.933125579045,417.600325579045,73.57936,43.46016,30.034768
874,23-Apr-2019,527.933125579045,417.600325579045,73.68016,43.48208,29.912896
875,24-Apr-2019,527.933125579045,417.600325579045,73.78256,43.50384,29.79032
876,25-Apr-2019,528.131053651141,417.647853651141,73.92176,43.52416,29.769008
877,26-Apr-2019,530.52724669418,419.10964669418,74.34416,43.56496,30.250736
878,27-Apr-2019,530.52724669418,419.10964669418,74.53296,43.58832,30.039472
879,28-Apr-2019,531.224206182094,419.393806182094,74.74256,43.6168,30.193584
880,29-Apr-2019,532.422302703613,420.095902703613,74.99216,43.6544,30.392528
881,30-Apr-2019,532.422302703613,420.095902703613,75.27696,43.67616,30.09992
882,01-May-2019,532.92133411943,420.28933411943,75.58256,43.70336,30.070384
883,02-May-2019,533.919396951066,420.858596951066,75.83536,43.7384,30.208192
884,03-May-2019,533.919396951066,420.858596951066,76.02256,43.7616,30.006992
885,04-May-2019,533.919396951066,420.858596951066,76.14896,43.7848,29.862224
886,05-May-2019,533.919396951066,420.858596951066,76.26256,43.80816,29.7276
887,06-May-2019,533.919396951066,420.858596951066,76.36496,43.83104,29.604032
888,07-May-2019,534.517392402931,421.088592402931,76.58896,43.85536,29.70944
889,08-May-2019,534.618462056767,421.112862056767,76.76496,43.8768,29.588256
890,09-May-2019,535.416491198518,421.509291198518,77.01456,43.90832,29.712304
891,10-May-2019,536.014486650383,421.784086650383,77.26576,43.93792,29.74824
892,11-May-2019,537.212583171902,422.514983171903,77.60016,43.97536,29.85544
893,12-May-2019,537.212583171902,422.514983171903,77.86576,43.9968,29.571552
894,13-May-2019,537.212583171902,422.514983171903,78.04496,44.01952,29.373328
895,14-May-2019,537.212583171902,422.514983171903,78.15376,44.0408,29.242432
896,15-May-2019,537.212583171902,422.514983171903,78.23856,44.06368,29.136176
897,16-May-2019,548.985092226059,431.769092226059,78.42896,44.22032,31.182224
898,17-May-2019,548.985092226059,431.769092226059,78.91856,44.25728,30.773232
899,18-May-2019,548.985092226059,431.769092226059,79.41296,44.27712,30.262768
900,19-May-2019,555.371430977849,436.597030977849,80.27536,44.37856,30.8672
901,20-May-2019,566.847047923861,445.872647923861,81.00336,44.61696,32.099536
902,21-May-2019,567.744041101659,446.353641101659,81.70576,44.66256,31.750288
903,22-May-2019,568.643139897246,446.830339897246,81.99536,44.69648,31.812048
904,23-May-2019,568.643139897246,446.830339897246,82.48176,44.71792,31.33696
905,24-May-2019,568.643139897246,446.830339897246,82.93296,44.73776,30.872432
906,25-May-2019,568.643139897246,446.830339897246,83.17616,44.76064,30.610592
907,26-May-2019,568.643139897246,446.830339897246,83.47856,44.78176,30.289104
908,27-May-2019,568.742103933294,446.854103933294,83.70736,44.80288,30.10992
909,28-May-2019,568.742103933294,446.854103933294,83.94096,44.824,29.858704
910,29-May-2019,568.742103933294,446.854103933294,84.23056,44.84512,29.550336
911,30-May-2019,568.742103933294,446.854103933294,84.51856,44.86448,29.244032
912,31-May-2019,571.835256464246,448.814456464247,85.12016,44.91248,29.732032
913,01-Jun-2019,571.835256464246,448.814456464247,85.52656,44.93184,29.30592
914,02-Jun-2019,571.835256464246,448.814456464247,85.85776,44.9512,28.956256
915,03-Jun-2019,571.835256464246,448.814456464247,86.06896,44.97184,28.725936
916,04-Jun-2019,571.835256464246,448.814456464247,86.26416,44.99104,28.51152
917,05-Jun-2019,571.835256464246,448.814456464247,86.39856,45.01008,28.35736
918,06-Jun-2019,577.223532384402,452.479532384402,87.27216,45.08592,29.131936
919,07-Jun-2019,577.223532384402,452.479532384402,87.67216,45.10512,28.712144
920,08-Jun-2019,577.32249642045,452.50329642045,87.91696,45.1256,28.515104
921,09-Jun-2019,577.32249642045,452.50329642045,88.16656,45.14448,28.247072
922,10-Jun-2019,581.912743198855,455.611943198855,88.84976,45.21584,28.981056
923,11-Jun-2019,629.906089446644,496.021289446644,90.12336,47.7363199999999,32.772832
924,12-Jun-2019,643.975827507791,507.259027507791,91.36016,49.10736,32.996288
925,13-Jun-2019,643.975827507791,507.259027507791,91.83056,49.3016,32.331056
926,14-Jun-2019,643.975827507791,507.259027507791,92.31056,49.41248,31.740992
927,15-Jun-2019,643.975827507791,507.259027507791,92.70096,49.44672,31.31576
928,16-Jun-2019,643.975827507791,507.259027507791,92.96816,49.4672,31.02768
929,17-Jun-2019,643.975827507791,507.259027507791,93.31376,49.48752,30.66296
930,18-Jun-2019,643.975827507791,507.259027507791,93.64176,49.50464,30.317456
931,19-Jun-2019,643.975827507791,507.259027507791,93.93136,49.5232,30.00896
932,20-Jun-2019,646.76998231281,508.885182312811,94.56176,49.56208,30.502848
933,21-Jun-2019,646.76998231281,508.885182312811,94.95696,49.58064,30.08976
934,22-Jun-2019,646.76998231281,508.885182312811,95.29296,49.5992,29.736208
935,23-Jun-2019,646.76998231281,508.885182312811,95.58256,49.6176,29.428064
936,24-Jun-2019,646.76998231281,508.885182312811,95.80496,49.636,29.188448
937,25-Jun-2019,646.76998231281,508.885182312811,95.97296,49.6544,29.003344
938,26-Jun-2019,646.76998231281,508.885182312811,96.11056,49.67264,28.846944
939,27-Jun-2019,646.76998231281,508.885182312811,96.24496,49.69072,28.695072
940,28-Jun-2019,646.76998231281,508.885182312811,96.34576,49.70896,28.57536
941,29-Jun-2019,646.76998231281,508.885182312811,96.45936,49.72704,28.443392
942,30-Jun-2019,646.76998231281,508.885182312811,96.54416,49.74496,28.339584
943,01-Jul-2019,646.76998231281,508.885182312811,96.62576,49.76464,28.23904
944,02-Jul-2019,646.76998231281,508.885182312811,96.69456,49.784,28.15152
945,03-Jul-2019,646.76998231281,508.885182312811,96.75216,49.80352,28.073248
946,04-Jul-2019,646.76998231281,508.885182312811,96.82896,49.82288,27.9791488
947,05-Jul-2019,646.76998231281,508.885182312811,96.86736,49.84224,27.9202688
948,06-Jul-2019,653.853280552514,513.794080552514,97.39376,49.92672,29.485808
949,07-Jul-2019,653.853280552514,513.794080552514,97.70416,49.94608,29.156688
950,08-Jul-2019,654.053314242399,513.842114242399,97.94256,49.96544,29.034416
951,09-Jul-2019,654.053314242399,513.842114242399,98.15696,49.98624,28.803184
952,10-Jul-2019,654.053314242399,513.842114242399,98.44336,50.004,28.501376
953,11-Jul-2019,654.154383896235,513.866383896235,98.72336,50.02304,28.273456
954,12-Jul-2019,655.750442179736,514.777642179736,99.10256,50.05824,28.548464
955,13-Jul-2019,658.243493641034,516.419493641034,99.77296,50.10784,28.686784
956,14-Jul-2019,658.243493641034,516.419493641034,99.99056,50.1288,28.449872
957,15-Jul-2019,658.243493641034,516.419493641034,100.14576,50.14944,28.274176
958,16-Jul-2019,658.243493641034,516.419493641034,100.28656,50.16976,28.114464
959,17-Jul-2019,658.243493641034,516.419493641034,100.46896,50.18672,27.913392
960,18-Jul-2019,658.243493641034,516.419493641034,100.64016,50.20528,27.7236
961,19-Jul-2019,658.243493641034,516.419493641034,100.75056,50.22512,27.594656
962,20-Jul-2019,677.301440242567,531.803840242567,101.73776,50.41472,30.092576
963,21-Jul-2019,677.301440242567,531.803840242567,102.13616,50.49968,29.60856
964,22-Jul-2019,677.301440242567,531.803840242567,102.43216,50.51792,29.293936
965,23-Jul-2019,677.301440242567,531.803840242567,102.86736,50.53424,28.843488
966,24-Jul-2019,677.301440242567,531.803840242567,103.20976,50.55008,28.484128
967,25-Jul-2019,677.301440242567,531.803840242567,103.49296,50.56592,28.185568
968,26-Jul-2019,677.301440242567,531.803840242567,103.76336,50.58144,27.900128
969,27-Jul-2019,677.301440242567,531.803840242567,103.99856,50.5968,27.649696
970,28-Jul-2019,677.301440242567,531.803840242567,104.19376,50.6136,27.438256
971,29-Jul-2019,678.400572728039,532.186172728039,104.56336,50.63024,27.751504
972,30-Jul-2019,678.400572728039,532.186172728039,104.73936,50.64848,27.563648
973,31-Jul-2019,701.549734692159,551.116134692159,105.34416,51.08864,30.701536
974,01-Aug-2019,701.848732418092,551.189532418092,105.85456,51.208,30.31592
975,02-Aug-2019,710.330160869199,557.845360869199,106.53616,51.63232,31.04136
976,03-Aug-2019,710.330160869199,557.845360869199,107.14096,51.65808,30.416544
977,04-Aug-2019,710.330160869199,557.845360869199,107.54896,51.67664,29.993216
978,05-Aug-2019,710.330160869199,557.845360869199,107.80816,51.6968,29.71768
979,06-Aug-2019,711.326118083045,558.303718083046,108.27056,51.72016,29.761984
980,07-Aug-2019,716.815463657037,562.309863657037,108.90736,51.812,30.508448
981,08-Aug-2019,716.815463657037,562.309863657037,109.50416,51.83056,29.900656
982,09-Aug-2019,716.815463657037,562.309863657037,109.92656,51.84928,29.463168
983,10-Aug-2019,716.815463657037,562.309863657037,110.22576,51.86784,29.14864
984,11-Aug-2019,716.815463657037,562.309863657037,110.53136,51.88304,28.828048
985,12-Aug-2019,716.815463657037,562.309863657037,110.76336,51.8992,28.581472
986,13-Aug-2019,716.815463657037,562.309863657037,111.00176,51.9152,28.327488
987,14-Aug-2019,716.815463657037,562.309863657037,111.25456,51.9312,28.060688
988,15-Aug-2019,716.914427693085,562.333627693085,111.39376,51.94688,27.97456
989,16-Aug-2019,716.914427693085,562.333627693085,111.55216,51.964,27.8028
990,17-Aug-2019,716.914427693085,562.333627693085,111.69136,51.9792,27.64936
991,18-Aug-2019,727.592015497347,570.464015497347,112.29776,52.12032,29.454336
992,19-Aug-2019,727.592015497347,570.464015497347,112.65616,52.14512,29.072704
993,20-Aug-2019,728.091046913164,570.622246913164,113.00016,52.16704,29.024704
994,21-Aug-2019,728.091046913164,570.622246913164,113.36816,52.18544,28.645456
995,22-Aug-2019,728.091046913164,570.622246913164,113.70256,52.20272,28.297744
996,23-Aug-2019,728.091046913164,570.622246913164,114.00976,52.21664,27.97848
997,24-Aug-2019,728.091046913164,570.622246913164,114.27536,52.23168,27.699664
998,25-Aug-2019,728.091046913164,570.622246913164,114.49136,52.24672,27.470416
999,26-Aug-2019,729.687105196665,571.459905196665,114.91376,52.26976,27.779216
1000,27-Aug-2019,729.687105196665,571.459905196665,115.18576,52.28416,27.495392
1001,28-Aug-2019,729.687105196665,571.459905196665,115.39216,52.3,27.27608
1002,29-Aug-2019,729.687105196665,571.459905196665,115.59696,52.31232,27.05824
1003,30-Aug-2019,729.687105196665,571.459905196665,115.75056,52.32784,26.892176
1004,31-Aug-2019,729.687105196665,571.459905196665,115.87056,52.34144,26.7588
1005,01-Sep-2019,729.687105196665,571.459905196665,115.97776,52.35488,26.637296
1006,02-Sep-2019,729.687105196665,571.459905196665,116.06736,52.36976,26.534864
1007,03-Sep-2019,729.687105196665,571.459905196665,116.11536,52.38448,26.47224
1008,04-Sep-2019,729.687105196665,571.459905196665,116.18416,52.39712,26.390016
1009,05-Sep-2019,729.986102922597,571.531702922598,116.26896,52.41104,26.500464
1010,06-Sep-2019,729.986102922597,571.531702922598,116.34096,52.4248,26.420784
1011,07-Sep-2019,729.986102922597,571.531702922598,116.38576,52.43808,26.366144
1012,08-Sep-2019,729.986102922597,571.531702922598,116.43216,52.45136,26.308592
1013,09-Sep-2019,747.247957550745,585.316757550745,116.74416,52.64176,29.194784
1014,10-Sep-2019,747.346921586793,585.340521586793,117.19856,52.71152,28.821616
1015,11-Sep-2019,747.346921586793,585.340521586793,117.50576,52.72928,28.501744
1016,12-Sep-2019,748.045986692496,585.641186692496,117.78256,52.75664,28.581504
1017,13-Sep-2019,748.045986692496,585.641186692496,118.00816,52.7744,28.34928
1018,14-Sep-2019,748.045986692496,585.641186692496,118.23216,52.79376,28.112272
1019,15-Sep-2019,748.24602038238,585.68922038238,118.51376,52.81152,27.95688
1020,16-Sep-2019,748.545018108313,585.764218108313,118.69136,52.83328,27.977264
1021,17-Sep-2019,750.341110081698,586.918710081698,118.98576,52.87472,28.267728
1022,18-Sep-2019,750.341110081698,586.918710081698,119.19856,52.89392,28.05456
1023,19-Sep-2019,750.341110081698,586.918710081698,119.36976,52.91184,27.871648
1024,20-Sep-2019,750.341110081698,586.918710081698,119.52656,52.92992,27.702176
1025,21-Sep-2019,750.341110081698,586.918710081698,119.70576,52.9424,27.511104
1026,22-Sep-2019,750.341110081698,586.918710081698,119.90096,52.95552,27.30608
1027,23-Sep-2019,750.341110081698,586.918710081698,120.08336,52.96672,27.11256
1028,24-Sep-2019,750.341110081698,586.918710081698,120.14896,52.98096,27.033872
1029,25-Sep-2019,752.036132401247,587.927332401247,120.26576,53.016,27.476736
1030,26-Sep-2019,752.036132401247,587.927332401247,120.45296,53.0328,27.336736
1031,27-Sep-2019,764.509812178893,597.969012178893,120.60816,53.2608,29.279648
1032,28-Sep-2019,773.589236081866,605.442036081866,120.94096,53.73824,30.134704
1033,29-Sep-2019,778.777478312137,609.599878312137,121.19696,54.09456,30.526432
1034,30-Sep-2019,784.763749684157,614.466149684157,121.60176,54.53472,30.854208
1035,01-Oct-2019,789.754063842331,618.467663842331,121.86896,54.90816,31.160272
1036,02-Oct-2019,800.330581992757,627.282581992757,122.20656,55.85856,31.635376
1037,03-Oct-2019,802.326707656026,628.744307656026,122.56336,56.01632,31.669296
1038,04-Oct-2019,810.20803503748,635.24963503748,122.81136,56.79328,31.987648
1039,05-Oct-2019,816.693337825318,640.573337825318,123.07856,57.47984,32.203168
1040,06-Oct-2019,816.693337825318,640.573337825318,123.32656,57.49952,31.981264
1041,07-Oct-2019,816.693337825318,640.573337825318,123.47216,57.52096,31.834368
1042,08-Oct-2019,819.089530868357,642.300730868357,123.61456,57.65696,32.14672
1043,09-Oct-2019,821.384654257559,644.011854257559,123.86256,57.88208,32.288944
1044,10-Oct-2019,822.780678851175,644.982278851175,124.15696,57.98208,32.320336
1045,11-Oct-2019,823.877705718858,645.708105718858,124.51536,58.04128,32.311408
1046,12-Oct-2019,823.877705718858,645.708105718858,124.82096,58.06144,32.010544
1047,13-Oct-2019,823.877705718858,645.708105718858,125.02416,58.0816,31.793872
1048,14-Oct-2019,823.877705718858,645.708105718858,125.22896,58.10336,31.572112
1049,15-Oct-2019,823.877705718858,645.708105718858,125.39216,58.12352,31.390656
1050,16-Oct-2019,830.165080434599,650.608280434599,125.57616,58.50272,32.086224
1051,17-Oct-2019,830.165080434599,650.608280434599,125.81136,58.52304,31.90208
1052,18-Oct-2019,836.650383222438,655.797583222437,126.10896,59.15264,32.254912
1053,19-Oct-2019,836.650383222438,655.797583222437,126.25456,59.17456,32.107712
1054,20-Oct-2019,836.650383222438,655.797583222437,126.43696,59.19488,31.940272
1055,21-Oct-2019,836.650383222438,655.797583222437,126.53136,59.21696,31.832496
1056,22-Oct-2019,836.650383222438,655.797583222437,126.61136,59.23888,31.735984
1057,23-Oct-2019,836.650383222438,655.797583222437,126.69296,59.26096,31.635504
1058,24-Oct-2019,836.749347258486,655.821347258486,126.73296,59.28144,31.64016
1059,25-Oct-2019,836.749347258486,655.821347258486,126.81776,59.30352,31.537536
1060,26-Oct-2019,836.749347258486,655.821347258486,126.89936,59.32544,31.438416
1061,27-Oct-2019,837.349448328139,656.09024832814,126.96656,59.35328,31.613712
1062,28-Oct-2019,839.74353575339,657.73233575339,127.07696,59.41488,32.130736
1063,29-Oct-2019,839.74353575339,657.73233575339,127.14896,59.43712,32.043152
1064,30-Oct-2019,839.74353575339,657.73233575339,127.21136,59.4592,31.96576
1065,31-Oct-2019,839.74353575339,657.73233575339,127.25936,59.48144,31.898384
1066,01-Nov-2019,840.242567169207,658.210567169207,127.34416,59.50192,31.832816
1067,02-Nov-2019,841.139560347006,658.731560347006,127.39696,59.53744,32.111152
1068,03-Nov-2019,844.13374884191,660.95774884191,127.42096,59.79936,32.557056
1069,04-Nov-2019,851.118083045566,666.697283045566,127.48656,60.64848,32.890336
1070,05-Nov-2019,851.217047081613,666.721047081614,127.58416,60.67184,32.854592
1071,06-Nov-2019,853.512170470816,668.476970470816,127.68656,60.94,33.012656
1072,07-Nov-2019,853.512170470816,668.476970470816,127.80976,60.9624,32.89288
1073,08-Nov-2019,854.91030068222,669.46870068222,127.92016,61.09792,33.02824
1074,09-Nov-2019,855.607260170134,669.898460170134,127.98096,61.18832,33.12896
1075,10-Nov-2019,855.607260170134,669.898460170134,128.08336,61.21104,33.01944
1076,11-Nov-2019,855.607260170134,669.898460170134,128.19696,61.23376,32.895088
1077,12-Nov-2019,855.607260170134,669.898460170134,128.28816,61.25664,32.800496
1078,13-Nov-2019,855.607260170134,669.898460170134,128.33296,61.2792,32.739648
1079,14-Nov-2019,855.607260170134,669.898460170134,128.40976,61.30208,32.658624
1080,15-Nov-2019,855.607260170134,669.898460170134,128.48976,61.32496,32.587104
1081,16-Nov-2019,857.603385833403,671.299385833403,128.52016,61.44032,32.946384
1082,17-Nov-2019,859.199444116904,672.879444116904,128.53776,61.4632,32.911552
1083,18-Nov-2019,859.997473258654,673.368673258654,128.55056,61.57472,33.101488
1084,19-Nov-2019,862.292596647856,675.116596647856,128.68976,61.8655999999999,33.25368
1085,20-Nov-2019,866.583845700328,678.599845700328,128.74736,62.38768,33.451632
1086,21-Nov-2019,869.676998231281,681.083398231281,128.82736,62.784,33.596544
1087,22-Nov-2019,870.07706561105,681.30266561105,128.91376,62.82928,33.6312
1088,23-Nov-2019,870.07706561105,681.30266561105,129.07056,62.8528,33.477136
1089,24-Nov-2019,870.07706561105,681.30266561105,129.19376,62.876,33.347456
1090,25-Nov-2019,870.07706561105,681.30266561105,129.29776,62.89952,33.249616
1091,26-Nov-2019,870.07706561105,681.30266561105,129.38416,62.92272,33.1656
1092,27-Nov-2019,873.069148488167,684.184348488166,129.41776,62.94624,33.119936
1093,28-Nov-2019,873.568179903983,684.451379903984,129.56496,62.97744,33.236032
1094,29-Nov-2019,874.566242735619,685.390242735619,129.67216,63.00096,33.142512
1095,30-Nov-2019,874.566242735619,685.390242735619,129.71376,63.02448,33.080432
